<metadata xml:lang="en"><Esri><CreaDate>20220107</CreaDate><CreaTime>10210800</CreaTime><ArcGISFormat>1.0</ArcGISFormat><ArcGISstyle>ISO 19139 Metadata Implementation Specification GML3.2</ArcGISstyle><SyncOnce>FALSE</SyncOnce><DataProperties><itemProps><itemName Sync="TRUE">sites</itemName><imsContentType Sync="TRUE">002</imsContentType><nativeExtBox><westBL Sync="TRUE">187377.312500</westBL><eastBL Sync="TRUE">273425.501700</eastBL><southBL Sync="TRUE">863021.567500</southBL><northBL Sync="TRUE">938570.391300</northBL><exTypeCode Sync="TRUE">1</exTypeCode></nativeExtBox><itemSize Sync="TRUE">2.061</itemSize><itemLocation><linkage Sync="TRUE">file://\\data-sync\Public\DataServices\Projects\Current_Projects\Regional_Plan_Update_Research\Retrofitting_Suburbia\Deliverables_2020_05_07\sites.shp</linkage><protocol Sync="TRUE">Local Area Network</protocol></itemLocation></itemProps><coordRef><type Sync="TRUE">Projected</type><geogcsn Sync="TRUE">GCS_North_American_1983</geogcsn><csUnits Sync="TRUE">Linear Unit: Meter (1.000000)</csUnits><projcsn Sync="TRUE">NAD_1983_StatePlane_Massachusetts_Mainland_FIPS_2001</projcsn><peXml Sync="TRUE">&lt;ProjectedCoordinateSystem xsi:type='typens:ProjectedCoordinateSystem' xmlns:xsi='http://www.w3.org/2001/XMLSchema-instance' xmlns:xs='http://www.w3.org/2001/XMLSchema' xmlns:typens='http://www.esri.com/schemas/ArcGIS/10.7'&gt;&lt;WKT&gt;PROJCS[&amp;quot;NAD_1983_StatePlane_Massachusetts_Mainland_FIPS_2001&amp;quot;,GEOGCS[&amp;quot;GCS_North_American_1983&amp;quot;,DATUM[&amp;quot;D_North_American_1983&amp;quot;,SPHEROID[&amp;quot;GRS_1980&amp;quot;,6378137.0,298.257222101]],PRIMEM[&amp;quot;Greenwich&amp;quot;,0.0],UNIT[&amp;quot;Degree&amp;quot;,0.0174532925199433]],PROJECTION[&amp;quot;Lambert_Conformal_Conic&amp;quot;],PARAMETER[&amp;quot;False_Easting&amp;quot;,200000.0],PARAMETER[&amp;quot;False_Northing&amp;quot;,750000.0],PARAMETER[&amp;quot;Central_Meridian&amp;quot;,-71.5],PARAMETER[&amp;quot;Standard_Parallel_1&amp;quot;,41.71666666666667],PARAMETER[&amp;quot;Standard_Parallel_2&amp;quot;,42.68333333333333],PARAMETER[&amp;quot;Latitude_Of_Origin&amp;quot;,41.0],UNIT[&amp;quot;Meter&amp;quot;,1.0],AUTHORITY[&amp;quot;EPSG&amp;quot;,26986]]&lt;/WKT&gt;&lt;XOrigin&gt;-36530900&lt;/XOrigin&gt;&lt;YOrigin&gt;-28803200&lt;/YOrigin&gt;&lt;XYScale&gt;122610652.81195112&lt;/XYScale&gt;&lt;ZOrigin&gt;-100000&lt;/ZOrigin&gt;&lt;ZScale&gt;10000&lt;/ZScale&gt;&lt;MOrigin&gt;-100000&lt;/MOrigin&gt;&lt;MScale&gt;10000&lt;/MScale&gt;&lt;XYTolerance&gt;0.001&lt;/XYTolerance&gt;&lt;ZTolerance&gt;0.001&lt;/ZTolerance&gt;&lt;MTolerance&gt;0.001&lt;/MTolerance&gt;&lt;HighPrecision&gt;true&lt;/HighPrecision&gt;&lt;WKID&gt;26986&lt;/WKID&gt;&lt;LatestWKID&gt;26986&lt;/LatestWKID&gt;&lt;/ProjectedCoordinateSystem&gt;</peXml></coordRef><lineage><Process ToolSource="c:\program files (x86)\arcgis\desktop10.7\ArcToolbox\Toolboxes\Conversion Tools.tbx\FeatureClassToFeatureClass" Date="20220107" Time="131721" Name="" export="">FeatureClassToFeatureClass K:\DataServices\Projects\Current_Projects\Regional_Plan_Update_Research\Retrofitting_Suburbia\Spatial\Sites_mp_clean_2022_01_04.shp K:\DataServices\Projects\Current_Projects\Regional_Plan_Update_Research\Retrofitting_Suburbia\Spatial\Products.gdb sites # "site_oid "site_oid" true true false 18 Double 0 18 ,First,#,K:\DataServices\Projects\Current_Projects\Regional_Plan_Update_Research\Retrofitting_Suburbia\Spatial\Sites_mp_clean_2022_01_04.shp,site_oid,-1,-1;muni_id "muni_id" true true false 18 Double 0 18 ,First,#,K:\DataServices\Projects\Current_Projects\Regional_Plan_Update_Research\Retrofitting_Suburbia\Spatial\Sites_mp_clean_2022_01_04.shp,muni_id,-1,-1;municipal "municipal" true true false 80 Text 0 0 ,First,#,K:\DataServices\Projects\Current_Projects\Regional_Plan_Update_Research\Retrofitting_Suburbia\Spatial\Sites_mp_clean_2022_01_04.shp,municipal,-1,-1;type_id "type_id" true true false 18 Double 0 18 ,First,#,K:\DataServices\Projects\Current_Projects\Regional_Plan_Update_Research\Retrofitting_Suburbia\Spatial\Sites_mp_clean_2022_01_04.shp,type_id,-1,-1;subtype_id "subtype_id" true true false 18 Double 0 18 ,First,#,K:\DataServices\Projects\Current_Projects\Regional_Plan_Update_Research\Retrofitting_Suburbia\Spatial\Sites_mp_clean_2022_01_04.shp,subtype_id,-1,-1;commtype "commtype" true true false 80 Text 0 0 ,First,#,K:\DataServices\Projects\Current_Projects\Regional_Plan_Update_Research\Retrofitting_Suburbia\Spatial\Sites_mp_clean_2022_01_04.shp,commtype,-1,-1;county "county" true true false 80 Text 0 0 ,First,#,K:\DataServices\Projects\Current_Projects\Regional_Plan_Update_Research\Retrofitting_Suburbia\Spatial\Sites_mp_clean_2022_01_04.shp,county,-1,-1;subregion "subregion" true true false 80 Text 0 0 ,First,#,K:\DataServices\Projects\Current_Projects\Regional_Plan_Update_Research\Retrofitting_Suburbia\Spatial\Sites_mp_clean_2022_01_04.shp,subregion,-1,-1;hsubmkt "hsubmkt" true true false 24 Double 15 23 ,First,#,K:\DataServices\Projects\Current_Projects\Regional_Plan_Update_Research\Retrofitting_Suburbia\Spatial\Sites_mp_clean_2022_01_04.shp,hsubmkt,-1,-1;transittyp "transittyp" true true false 80 Text 0 0 ,First,#,K:\DataServices\Projects\Current_Projects\Regional_Plan_Update_Research\Retrofitting_Suburbia\Spatial\Sites_mp_clean_2022_01_04.shp,transittyp,-1,-1;nparcels "nparcels" true true false 24 Double 15 23 ,First,#,K:\DataServices\Projects\Current_Projects\Regional_Plan_Update_Research\Retrofitting_Suburbia\Spatial\Sites_mp_clean_2022_01_04.shp,nparcels,-1,-1;parcelids "parcelids" true true false 98 Text 0 0 ,First,#,K:\DataServices\Projects\Current_Projects\Regional_Plan_Update_Research\Retrofitting_Suburbia\Spatial\Sites_mp_clean_2022_01_04.shp,parcelids,-1,-1;parceladdr "parceladdr" true true false 126 Text 0 0 ,First,#,K:\DataServices\Projects\Current_Projects\Regional_Plan_Update_Research\Retrofitting_Suburbia\Spatial\Sites_mp_clean_2022_01_04.shp,parceladdr,-1,-1;highway "highway" true true false 80 Text 0 0 ,First,#,K:\DataServices\Projects\Current_Projects\Regional_Plan_Update_Research\Retrofitting_Suburbia\Spatial\Sites_mp_clean_2022_01_04.shp,highway,-1,-1;statname "statname" true true false 80 Text 0 0 ,First,#,K:\DataServices\Projects\Current_Projects\Regional_Plan_Update_Research\Retrofitting_Suburbia\Spatial\Sites_mp_clean_2022_01_04.shp,statname,-1,-1;stattyp "stattyp" true true false 80 Text 0 0 ,First,#,K:\DataServices\Projects\Current_Projects\Regional_Plan_Update_Research\Retrofitting_Suburbia\Spatial\Sites_mp_clean_2022_01_04.shp,stattyp,-1,-1;busstop "busstop" true true false 80 Text 0 0 ,First,#,K:\DataServices\Projects\Current_Projects\Regional_Plan_Update_Research\Retrofitting_Suburbia\Spatial\Sites_mp_clean_2022_01_04.shp,busstop,-1,-1;land_value "land_value" true true false 24 Double 15 23 ,First,#,K:\DataServices\Projects\Current_Projects\Regional_Plan_Update_Research\Retrofitting_Suburbia\Spatial\Sites_mp_clean_2022_01_04.shp,land_value,-1,-1;bldg_value "bldg_value" true true false 24 Double 15 23 ,First,#,K:\DataServices\Projects\Current_Projects\Regional_Plan_Update_Research\Retrofitting_Suburbia\Spatial\Sites_mp_clean_2022_01_04.shp,bldg_value,-1,-1;othr_value "othr_value" true true false 24 Double 15 23 ,First,#,K:\DataServices\Projects\Current_Projects\Regional_Plan_Update_Research\Retrofitting_Suburbia\Spatial\Sites_mp_clean_2022_01_04.shp,othr_value,-1,-1;total_valu "total_valu" true true false 24 Double 15 23 ,First,#,K:\DataServices\Projects\Current_Projects\Regional_Plan_Update_Research\Retrofitting_Suburbia\Spatial\Sites_mp_clean_2022_01_04.shp,total_valu,-1,-1;bldlnd_rat "bldlnd_rat" true true false 24 Double 15 23 ,First,#,K:\DataServices\Projects\Current_Projects\Regional_Plan_Update_Research\Retrofitting_Suburbia\Spatial\Sites_mp_clean_2022_01_04.shp,bldlnd_rat,-1,-1;yr_built "yr_built" true true false 18 Double 0 18 ,First,#,K:\DataServices\Projects\Current_Projects\Regional_Plan_Update_Research\Retrofitting_Suburbia\Spatial\Sites_mp_clean_2022_01_04.shp,yr_built,-1,-1;buildar_ac "buildar_ac" true true false 24 Double 15 23 ,First,#,K:\DataServices\Projects\Current_Projects\Regional_Plan_Update_Research\Retrofitting_Suburbia\Spatial\Sites_mp_clean_2022_01_04.shp,buildar_ac,-1,-1;landv_pac "landv_pac" true true false 24 Double 15 23 ,First,#,K:\DataServices\Projects\Current_Projects\Regional_Plan_Update_Research\Retrofitting_Suburbia\Spatial\Sites_mp_clean_2022_01_04.shp,landv_pac,-1,-1;totvalpacr "totvalpacr" true true false 24 Double 15 23 ,First,#,K:\DataServices\Projects\Current_Projects\Regional_Plan_Update_Research\Retrofitting_Suburbia\Spatial\Sites_mp_clean_2022_01_04.shp,totvalpacr,-1,-1;sitearea_a "sitearea_a" true true false 24 Double 15 23 ,First,#,K:\DataServices\Projects\Current_Projects\Regional_Plan_Update_Research\Retrofitting_Suburbia\Spatial\Sites_mp_clean_2022_01_04.shp,sitearea_a,-1,-1;imppreac "imppreac" true true false 24 Double 15 23 ,First,#,K:\DataServices\Projects\Current_Projects\Regional_Plan_Update_Research\Retrofitting_Suburbia\Spatial\Sites_mp_clean_2022_01_04.shp,imppreac,-1,-1;pavear_ac "pavear_ac" true true false 24 Double 15 23 ,First,#,K:\DataServices\Projects\Current_Projects\Regional_Plan_Update_Research\Retrofitting_Suburbia\Spatial\Sites_mp_clean_2022_01_04.shp,pavear_ac,-1,-1;dstswrft "dstswrft" true true false 24 Double 15 23 ,First,#,K:\DataServices\Projects\Current_Projects\Regional_Plan_Update_Research\Retrofitting_Suburbia\Spatial\Sites_mp_clean_2022_01_04.shp,dstswrft,-1,-1;walkscore "walkscore" true true false 24 Double 15 23 ,First,#,K:\DataServices\Projects\Current_Projects\Regional_Plan_Update_Research\Retrofitting_Suburbia\Spatial\Sites_mp_clean_2022_01_04.shp,walkscore,-1,-1;pub_ind "pub_ind" true true false 24 Double 15 23 ,First,#,K:\DataServices\Projects\Current_Projects\Regional_Plan_Update_Research\Retrofitting_Suburbia\Spatial\Sites_mp_clean_2022_01_04.shp,pub_ind,-1,-1;noncarcmtp "noncarcmtp" true true false 24 Double 15 23 ,First,#,K:\DataServices\Projects\Current_Projects\Regional_Plan_Update_Research\Retrofitting_Suburbia\Spatial\Sites_mp_clean_2022_01_04.shp,noncarcmtp,-1,-1;jobs45tr "jobs45tr" true true false 18 Double 0 18 ,First,#,K:\DataServices\Projects\Current_Projects\Regional_Plan_Update_Research\Retrofitting_Suburbia\Spatial\Sites_mp_clean_2022_01_04.shp,jobs45tr,-1,-1;jobs30car "jobs30car" true true false 18 Double 0 18 ,First,#,K:\DataServices\Projects\Current_Projects\Regional_Plan_Update_Research\Retrofitting_Suburbia\Spatial\Sites_mp_clean_2022_01_04.shp,jobs30car,-1,-1;ch21e_p "ch21e_p" true true false 24 Double 15 23 ,First,#,K:\DataServices\Projects\Current_Projects\Regional_Plan_Update_Research\Retrofitting_Suburbia\Spatial\Sites_mp_clean_2022_01_04.shp,ch21e_p,-1,-1;aulsite_p "aulsite_p" true true false 24 Double 15 23 ,First,#,K:\DataServices\Projects\Current_Projects\Regional_Plan_Update_Research\Retrofitting_Suburbia\Spatial\Sites_mp_clean_2022_01_04.shp,aulsite_p,-1,-1;fz100_p "fz100_p" true true false 24 Double 15 23 ,First,#,K:\DataServices\Projects\Current_Projects\Regional_Plan_Update_Research\Retrofitting_Suburbia\Spatial\Sites_mp_clean_2022_01_04.shp,fz100_p,-1,-1;fz500_p "fz500_p" true true false 24 Double 15 23 ,First,#,K:\DataServices\Projects\Current_Projects\Regional_Plan_Update_Research\Retrofitting_Suburbia\Spatial\Sites_mp_clean_2022_01_04.shp,fz500_p,-1,-1;excl_p "excl_p" true true false 24 Double 15 23 ,First,#,K:\DataServices\Projects\Current_Projects\Regional_Plan_Update_Research\Retrofitting_Suburbia\Spatial\Sites_mp_clean_2022_01_04.shp,excl_p,-1,-1;z2wpa_p "z2wpa_p" true true false 24 Double 15 23 ,First,#,K:\DataServices\Projects\Current_Projects\Regional_Plan_Update_Research\Retrofitting_Suburbia\Spatial\Sites_mp_clean_2022_01_04.shp,z2wpa_p,-1,-1;opensp_p "opensp_p" true true false 24 Double 15 23 ,First,#,K:\DataServices\Projects\Current_Projects\Regional_Plan_Update_Research\Retrofitting_Suburbia\Spatial\Sites_mp_clean_2022_01_04.shp,opensp_p,-1,-1;wtlnd100_p "wtlnd100_p" true true false 24 Double 15 23 ,First,#,K:\DataServices\Projects\Current_Projects\Regional_Plan_Update_Research\Retrofitting_Suburbia\Spatial\Sites_mp_clean_2022_01_04.shp,wtlnd100_p,-1,-1;estcapres "estcapres" true true false 24 Double 15 23 ,First,#,K:\DataServices\Projects\Current_Projects\Regional_Plan_Update_Research\Retrofitting_Suburbia\Spatial\Sites_mp_clean_2022_01_04.shp,estcapres,-1,-1;estcapmix "estcapmix" true true false 24 Double 15 23 ,First,#,K:\DataServices\Projects\Current_Projects\Regional_Plan_Update_Research\Retrofitting_Suburbia\Spatial\Sites_mp_clean_2022_01_04.shp,estcapmix,-1,-1;taxrv_pre "taxrv_pre" true true false 24 Double 15 23 ,First,#,K:\DataServices\Projects\Current_Projects\Regional_Plan_Update_Research\Retrofitting_Suburbia\Spatial\Sites_mp_clean_2022_01_04.shp,taxrv_pre,-1,-1;taxrv_post "taxrv_post" true true false 24 Double 15 23 ,First,#,K:\DataServices\Projects\Current_Projects\Regional_Plan_Update_Research\Retrofitting_Suburbia\Spatial\Sites_mp_clean_2022_01_04.shp,taxrv_post,-1,-1;far_pre "far_pre" true true false 24 Double 15 23 ,First,#,K:\DataServices\Projects\Current_Projects\Regional_Plan_Update_Research\Retrofitting_Suburbia\Spatial\Sites_mp_clean_2022_01_04.shp,far_pre,-1,-1;far_post "far_post" true true false 24 Double 15 23 ,First,#,K:\DataServices\Projects\Current_Projects\Regional_Plan_Update_Research\Retrofitting_Suburbia\Spatial\Sites_mp_clean_2022_01_04.shp,far_post,-1,-1;hlthcmscr "hlthcmscr" true true false 24 Double 15 23 ,First,#,K:\DataServices\Projects\Current_Projects\Regional_Plan_Update_Research\Retrofitting_Suburbia\Spatial\Sites_mp_clean_2022_01_04.shp,hlthcmscr,-1,-1;hlthwtscr "hlthwtscr" true true false 24 Double 15 23 ,First,#,K:\DataServices\Projects\Current_Projects\Regional_Plan_Update_Research\Retrofitting_Suburbia\Spatial\Sites_mp_clean_2022_01_04.shp,hlthwtscr,-1,-1;travchscr "travchscr" true true false 24 Double 15 23 ,First,#,K:\DataServices\Projects\Current_Projects\Regional_Plan_Update_Research\Retrofitting_Suburbia\Spatial\Sites_mp_clean_2022_01_04.shp,travchscr,-1,-1;grwtpotscr "grwtpotscr" true true false 24 Double 15 23 ,First,#,K:\DataServices\Projects\Current_Projects\Regional_Plan_Update_Research\Retrofitting_Suburbia\Spatial\Sites_mp_clean_2022_01_04.shp,grwtpotscr,-1,-1;ovscr "ovscr" true true false 24 Double 15 23 ,First,#,K:\DataServices\Projects\Current_Projects\Regional_Plan_Update_Research\Retrofitting_Suburbia\Spatial\Sites_mp_clean_2022_01_04.shp,ovscr,-1,-1;scrcat "scrcat" true true false 18 Double 0 18 ,First,#,K:\DataServices\Projects\Current_Projects\Regional_Plan_Update_Research\Retrofitting_Suburbia\Spatial\Sites_mp_clean_2022_01_04.shp,scrcat,-1,-1;taxrevchg "taxrevchg" true true false 24 Double 15 23 ,First,#,K:\DataServices\Projects\Current_Projects\Regional_Plan_Update_Research\Retrofitting_Suburbia\Spatial\Sites_mp_clean_2022_01_04.shp,taxrevchg,-1,-1;munirank "munirank" true true false 18 Double 0 18 ,First,#,K:\DataServices\Projects\Current_Projects\Regional_Plan_Update_Research\Retrofitting_Suburbia\Spatial\Sites_mp_clean_2022_01_04.shp,munirank,-1,-1;regirank "regirank" true true false 18 Double 0 18 ,First,#,K:\DataServices\Projects\Current_Projects\Regional_Plan_Update_Research\Retrofitting_Suburbia\Spatial\Sites_mp_clean_2022_01_04.shp,regirank,-1,-1;munpctile "munpctile" true true false 24 Double 15 23 ,First,#,K:\DataServices\Projects\Current_Projects\Regional_Plan_Update_Research\Retrofitting_Suburbia\Spatial\Sites_mp_clean_2022_01_04.shp,munpctile,-1,-1;munqntile "munqntile" true true false 18 Double 0 18 ,First,#,K:\DataServices\Projects\Current_Projects\Regional_Plan_Update_Research\Retrofitting_Suburbia\Spatial\Sites_mp_clean_2022_01_04.shp,munqntile,-1,-1;regipctile "regipctile" true true false 24 Double 15 23 ,First,#,K:\DataServices\Projects\Current_Projects\Regional_Plan_Update_Research\Retrofitting_Suburbia\Spatial\Sites_mp_clean_2022_01_04.shp,regipctile,-1,-1;long "long" true true false 24 Double 15 23 ,First,#,K:\DataServices\Projects\Current_Projects\Regional_Plan_Update_Research\Retrofitting_Suburbia\Spatial\Sites_mp_clean_2022_01_04.shp,long,-1,-1;lat "lat" true true false 24 Double 15 23 ,First,#,K:\DataServices\Projects\Current_Projects\Regional_Plan_Update_Research\Retrofitting_Suburbia\Spatial\Sites_mp_clean_2022_01_04.shp,lat,-1,-1" #</Process><Process ToolSource="c:\program files (x86)\arcgis\desktop10.7\ArcToolbox\Toolboxes\Conversion Tools.tbx\FeatureClassToFeatureClass" Date="20220110" Time="100156" Name="" export="">FeatureClassToFeatureClass K:\DataServices\Projects\Current_Projects\Regional_Plan_Update_Research\Retrofitting_Suburbia\Spatial\Products.gdb\sites K:\DataServices\Projects\Current_Projects\Regional_Plan_Update_Research\Retrofitting_Suburbia\Deliverables_2020_05_07 sites.shp # "site_oid "site_oid" true true false 8 Double 0 0 ,First,#,K:\DataServices\Projects\Current_Projects\Regional_Plan_Update_Research\Retrofitting_Suburbia\Spatial\Products.gdb\sites,site_oid,-1,-1;muni_id "muni_id" true true false 8 Double 0 0 ,First,#,K:\DataServices\Projects\Current_Projects\Regional_Plan_Update_Research\Retrofitting_Suburbia\Spatial\Products.gdb\sites,muni_id,-1,-1;municipal "municipal" true true false 80 Text 0 0 ,First,#,K:\DataServices\Projects\Current_Projects\Regional_Plan_Update_Research\Retrofitting_Suburbia\Spatial\Products.gdb\sites,municipal,-1,-1;type_id "type_id" true true false 8 Double 0 0 ,First,#,K:\DataServices\Projects\Current_Projects\Regional_Plan_Update_Research\Retrofitting_Suburbia\Spatial\Products.gdb\sites,type_id,-1,-1;subtype_id "subtype_id" true true false 8 Double 0 0 ,First,#,K:\DataServices\Projects\Current_Projects\Regional_Plan_Update_Research\Retrofitting_Suburbia\Spatial\Products.gdb\sites,subtype_id,-1,-1;commtype "commtype" true true false 80 Text 0 0 ,First,#,K:\DataServices\Projects\Current_Projects\Regional_Plan_Update_Research\Retrofitting_Suburbia\Spatial\Products.gdb\sites,commtype,-1,-1;county "county" true true false 80 Text 0 0 ,First,#,K:\DataServices\Projects\Current_Projects\Regional_Plan_Update_Research\Retrofitting_Suburbia\Spatial\Products.gdb\sites,county,-1,-1;subregion "subregion" true true false 80 Text 0 0 ,First,#,K:\DataServices\Projects\Current_Projects\Regional_Plan_Update_Research\Retrofitting_Suburbia\Spatial\Products.gdb\sites,subregion,-1,-1;hsubmkt "hsubmkt" true true false 8 Double 0 0 ,First,#,K:\DataServices\Projects\Current_Projects\Regional_Plan_Update_Research\Retrofitting_Suburbia\Spatial\Products.gdb\sites,hsubmkt,-1,-1;transittyp "transittyp" true true false 80 Text 0 0 ,First,#,K:\DataServices\Projects\Current_Projects\Regional_Plan_Update_Research\Retrofitting_Suburbia\Spatial\Products.gdb\sites,transittyp,-1,-1;nparcels "nparcels" true true false 8 Double 0 0 ,First,#,K:\DataServices\Projects\Current_Projects\Regional_Plan_Update_Research\Retrofitting_Suburbia\Spatial\Products.gdb\sites,nparcels,-1,-1;parcelids "parcelids" true true false 98 Text 0 0 ,First,#,K:\DataServices\Projects\Current_Projects\Regional_Plan_Update_Research\Retrofitting_Suburbia\Spatial\Products.gdb\sites,parcelids,-1,-1;parceladdr "parceladdr" true true false 126 Text 0 0 ,First,#,K:\DataServices\Projects\Current_Projects\Regional_Plan_Update_Research\Retrofitting_Suburbia\Spatial\Products.gdb\sites,parceladdr,-1,-1;highway "highway" true true false 80 Text 0 0 ,First,#,K:\DataServices\Projects\Current_Projects\Regional_Plan_Update_Research\Retrofitting_Suburbia\Spatial\Products.gdb\sites,highway,-1,-1;statname "statname" true true false 80 Text 0 0 ,First,#,K:\DataServices\Projects\Current_Projects\Regional_Plan_Update_Research\Retrofitting_Suburbia\Spatial\Products.gdb\sites,statname,-1,-1;stattyp "stattyp" true true false 80 Text 0 0 ,First,#,K:\DataServices\Projects\Current_Projects\Regional_Plan_Update_Research\Retrofitting_Suburbia\Spatial\Products.gdb\sites,stattyp,-1,-1;busstop "busstop" true true false 80 Text 0 0 ,First,#,K:\DataServices\Projects\Current_Projects\Regional_Plan_Update_Research\Retrofitting_Suburbia\Spatial\Products.gdb\sites,busstop,-1,-1;land_value "land_value" true true false 8 Double 0 0 ,First,#,K:\DataServices\Projects\Current_Projects\Regional_Plan_Update_Research\Retrofitting_Suburbia\Spatial\Products.gdb\sites,land_value,-1,-1;bldg_value "bldg_value" true true false 8 Double 0 0 ,First,#,K:\DataServices\Projects\Current_Projects\Regional_Plan_Update_Research\Retrofitting_Suburbia\Spatial\Products.gdb\sites,bldg_value,-1,-1;othr_value "othr_value" true true false 8 Double 0 0 ,First,#,K:\DataServices\Projects\Current_Projects\Regional_Plan_Update_Research\Retrofitting_Suburbia\Spatial\Products.gdb\sites,othr_value,-1,-1;total_valu "total_valu" true true false 8 Double 0 0 ,First,#,K:\DataServices\Projects\Current_Projects\Regional_Plan_Update_Research\Retrofitting_Suburbia\Spatial\Products.gdb\sites,total_valu,-1,-1;bldlnd_rat "bldlnd_rat" true true false 8 Double 0 0 ,First,#,K:\DataServices\Projects\Current_Projects\Regional_Plan_Update_Research\Retrofitting_Suburbia\Spatial\Products.gdb\sites,bldlnd_rat,-1,-1;yr_built "yr_built" true true false 8 Double 0 0 ,First,#,K:\DataServices\Projects\Current_Projects\Regional_Plan_Update_Research\Retrofitting_Suburbia\Spatial\Products.gdb\sites,yr_built,-1,-1;buildar_ac "buildar_ac" true true false 8 Double 0 0 ,First,#,K:\DataServices\Projects\Current_Projects\Regional_Plan_Update_Research\Retrofitting_Suburbia\Spatial\Products.gdb\sites,buildar_ac,-1,-1;landv_pac "landv_pac" true true false 8 Double 0 0 ,First,#,K:\DataServices\Projects\Current_Projects\Regional_Plan_Update_Research\Retrofitting_Suburbia\Spatial\Products.gdb\sites,landv_pac,-1,-1;totvalpacr "totvalpacr" true true false 8 Double 0 0 ,First,#,K:\DataServices\Projects\Current_Projects\Regional_Plan_Update_Research\Retrofitting_Suburbia\Spatial\Products.gdb\sites,totvalpacr,-1,-1;sitearea_a "sitearea_a" true true false 8 Double 0 0 ,First,#,K:\DataServices\Projects\Current_Projects\Regional_Plan_Update_Research\Retrofitting_Suburbia\Spatial\Products.gdb\sites,sitearea_a,-1,-1;imppreac "imppreac" true true false 8 Double 0 0 ,First,#,K:\DataServices\Projects\Current_Projects\Regional_Plan_Update_Research\Retrofitting_Suburbia\Spatial\Products.gdb\sites,imppreac,-1,-1;pavear_ac "pavear_ac" true true false 8 Double 0 0 ,First,#,K:\DataServices\Projects\Current_Projects\Regional_Plan_Update_Research\Retrofitting_Suburbia\Spatial\Products.gdb\sites,pavear_ac,-1,-1;dstswrft "dstswrft" true true false 8 Double 0 0 ,First,#,K:\DataServices\Projects\Current_Projects\Regional_Plan_Update_Research\Retrofitting_Suburbia\Spatial\Products.gdb\sites,dstswrft,-1,-1;walkscore "walkscore" true true false 8 Double 0 0 ,First,#,K:\DataServices\Projects\Current_Projects\Regional_Plan_Update_Research\Retrofitting_Suburbia\Spatial\Products.gdb\sites,walkscore,-1,-1;pub_ind "pub_ind" true true false 8 Double 0 0 ,First,#,K:\DataServices\Projects\Current_Projects\Regional_Plan_Update_Research\Retrofitting_Suburbia\Spatial\Products.gdb\sites,pub_ind,-1,-1;noncarcmtp "noncarcmtp" true true false 8 Double 0 0 ,First,#,K:\DataServices\Projects\Current_Projects\Regional_Plan_Update_Research\Retrofitting_Suburbia\Spatial\Products.gdb\sites,noncarcmtp,-1,-1;jobs45tr "jobs45tr" true true false 8 Double 0 0 ,First,#,K:\DataServices\Projects\Current_Projects\Regional_Plan_Update_Research\Retrofitting_Suburbia\Spatial\Products.gdb\sites,jobs45tr,-1,-1;jobs30car "jobs30car" true true false 8 Double 0 0 ,First,#,K:\DataServices\Projects\Current_Projects\Regional_Plan_Update_Research\Retrofitting_Suburbia\Spatial\Products.gdb\sites,jobs30car,-1,-1;ch21e_p "ch21e_p" true true false 8 Double 0 0 ,First,#,K:\DataServices\Projects\Current_Projects\Regional_Plan_Update_Research\Retrofitting_Suburbia\Spatial\Products.gdb\sites,ch21e_p,-1,-1;aulsite_p "aulsite_p" true true false 8 Double 0 0 ,First,#,K:\DataServices\Projects\Current_Projects\Regional_Plan_Update_Research\Retrofitting_Suburbia\Spatial\Products.gdb\sites,aulsite_p,-1,-1;fz100_p "fz100_p" true true false 8 Double 0 0 ,First,#,K:\DataServices\Projects\Current_Projects\Regional_Plan_Update_Research\Retrofitting_Suburbia\Spatial\Products.gdb\sites,fz100_p,-1,-1;fz500_p "fz500_p" true true false 8 Double 0 0 ,First,#,K:\DataServices\Projects\Current_Projects\Regional_Plan_Update_Research\Retrofitting_Suburbia\Spatial\Products.gdb\sites,fz500_p,-1,-1;excl_p "excl_p" true true false 8 Double 0 0 ,First,#,K:\DataServices\Projects\Current_Projects\Regional_Plan_Update_Research\Retrofitting_Suburbia\Spatial\Products.gdb\sites,excl_p,-1,-1;z2wpa_p "z2wpa_p" true true false 8 Double 0 0 ,First,#,K:\DataServices\Projects\Current_Projects\Regional_Plan_Update_Research\Retrofitting_Suburbia\Spatial\Products.gdb\sites,z2wpa_p,-1,-1;opensp_p "opensp_p" true true false 8 Double 0 0 ,First,#,K:\DataServices\Projects\Current_Projects\Regional_Plan_Update_Research\Retrofitting_Suburbia\Spatial\Products.gdb\sites,opensp_p,-1,-1;wtlnd100_p "wtlnd100_p" true true false 8 Double 0 0 ,First,#,K:\DataServices\Projects\Current_Projects\Regional_Plan_Update_Research\Retrofitting_Suburbia\Spatial\Products.gdb\sites,wtlnd100_p,-1,-1;estcapres "estcapres" true true false 8 Double 0 0 ,First,#,K:\DataServices\Projects\Current_Projects\Regional_Plan_Update_Research\Retrofitting_Suburbia\Spatial\Products.gdb\sites,estcapres,-1,-1;estcapmix "estcapmix" true true false 8 Double 0 0 ,First,#,K:\DataServices\Projects\Current_Projects\Regional_Plan_Update_Research\Retrofitting_Suburbia\Spatial\Products.gdb\sites,estcapmix,-1,-1;taxrv_pre "taxrv_pre" true true false 8 Double 0 0 ,First,#,K:\DataServices\Projects\Current_Projects\Regional_Plan_Update_Research\Retrofitting_Suburbia\Spatial\Products.gdb\sites,taxrv_pre,-1,-1;taxrv_post "taxrv_post" true true false 8 Double 0 0 ,First,#,K:\DataServices\Projects\Current_Projects\Regional_Plan_Update_Research\Retrofitting_Suburbia\Spatial\Products.gdb\sites,taxrv_post,-1,-1;far_pre "far_pre" true true false 8 Double 0 0 ,First,#,K:\DataServices\Projects\Current_Projects\Regional_Plan_Update_Research\Retrofitting_Suburbia\Spatial\Products.gdb\sites,far_pre,-1,-1;hlthcmscr "hlthcmscr" true true false 8 Double 0 0 ,First,#,K:\DataServices\Projects\Current_Projects\Regional_Plan_Update_Research\Retrofitting_Suburbia\Spatial\Products.gdb\sites,hlthcmscr,-1,-1;hlthwtscr "hlthwtscr" true true false 8 Double 0 0 ,First,#,K:\DataServices\Projects\Current_Projects\Regional_Plan_Update_Research\Retrofitting_Suburbia\Spatial\Products.gdb\sites,hlthwtscr,-1,-1;travchscr "travchscr" true true false 8 Double 0 0 ,First,#,K:\DataServices\Projects\Current_Projects\Regional_Plan_Update_Research\Retrofitting_Suburbia\Spatial\Products.gdb\sites,travchscr,-1,-1;grwtpotscr "grwtpotscr" true true false 8 Double 0 0 ,First,#,K:\DataServices\Projects\Current_Projects\Regional_Plan_Update_Research\Retrofitting_Suburbia\Spatial\Products.gdb\sites,grwtpotscr,-1,-1;ovscr "ovscr" true true false 8 Double 0 0 ,First,#,K:\DataServices\Projects\Current_Projects\Regional_Plan_Update_Research\Retrofitting_Suburbia\Spatial\Products.gdb\sites,ovscr,-1,-1;scrcat "scrcat" true true false 8 Double 0 0 ,First,#,K:\DataServices\Projects\Current_Projects\Regional_Plan_Update_Research\Retrofitting_Suburbia\Spatial\Products.gdb\sites,scrcat,-1,-1;taxrevchg "taxrevchg" true true false 8 Double 0 0 ,First,#,K:\DataServices\Projects\Current_Projects\Regional_Plan_Update_Research\Retrofitting_Suburbia\Spatial\Products.gdb\sites,taxrevchg,-1,-1;munirank "munirank" true true false 8 Double 0 0 ,First,#,K:\DataServices\Projects\Current_Projects\Regional_Plan_Update_Research\Retrofitting_Suburbia\Spatial\Products.gdb\sites,munirank,-1,-1;regirank "regirank" true true false 8 Double 0 0 ,First,#,K:\DataServices\Projects\Current_Projects\Regional_Plan_Update_Research\Retrofitting_Suburbia\Spatial\Products.gdb\sites,regirank,-1,-1;munpctile "munpctile" true true false 8 Double 0 0 ,First,#,K:\DataServices\Projects\Current_Projects\Regional_Plan_Update_Research\Retrofitting_Suburbia\Spatial\Products.gdb\sites,munpctile,-1,-1;munqntile "munqntile" true true false 8 Double 0 0 ,First,#,K:\DataServices\Projects\Current_Projects\Regional_Plan_Update_Research\Retrofitting_Suburbia\Spatial\Products.gdb\sites,munqntile,-1,-1;regipctile "regipctile" true true false 8 Double 0 0 ,First,#,K:\DataServices\Projects\Current_Projects\Regional_Plan_Update_Research\Retrofitting_Suburbia\Spatial\Products.gdb\sites,regipctile,-1,-1;long "long" true true false 8 Double 0 0 ,First,#,K:\DataServices\Projects\Current_Projects\Regional_Plan_Update_Research\Retrofitting_Suburbia\Spatial\Products.gdb\sites,long,-1,-1;lat "lat" true true false 8 Double 0 0 ,First,#,K:\DataServices\Projects\Current_Projects\Regional_Plan_Update_Research\Retrofitting_Suburbia\Spatial\Products.gdb\sites,lat,-1,-1;Shape_Leng "Shape_Leng" false true true 8 Double 0 0 ,First,#,K:\DataServices\Projects\Current_Projects\Regional_Plan_Update_Research\Retrofitting_Suburbia\Spatial\Products.gdb\sites,Shape_Length,-1,-1;Shape_Area "Shape_Area" false true true 8 Double 0 0 ,First,#,K:\DataServices\Projects\Current_Projects\Regional_Plan_Update_Research\Retrofitting_Suburbia\Spatial\Products.gdb\sites,Shape_Area,-1,-1" #</Process></lineage></DataProperties><SyncDate>20220110</SyncDate><SyncTime>16052300</SyncTime><ModDate>20220110</ModDate><ModTime>16061200</ModTime><scaleRange><minScale>150000000</minScale><maxScale>5000</maxScale></scaleRange><ArcGISProfile>ISO19139</ArcGISProfile></Esri><dataIdInfo><envirDesc Sync="TRUE"> Version 6.2 (Build 9200) ; Esri ArcGIS 10.7.1.11595</envirDesc><dataLang><languageCode value="eng" Sync="TRUE"/><countryCode value="USA" Sync="TRUE"/></dataLang><idCitation><resTitle Sync="FALSE">Rethinking the Suburban Strip</resTitle><presForm><PresFormCd value="005" Sync="TRUE"/></presForm></idCitation><spatRpType><SpatRepTypCd value="001" Sync="TRUE"/></spatRpType><dataExt><geoEle xmlns=""><GeoBndBox esriExtentType="search"><exTypeCode Sync="TRUE">1</exTypeCode><westBL Sync="TRUE">-71.654048</westBL><eastBL Sync="TRUE">-70.603941</eastBL><northBL Sync="TRUE">42.697723</northBL><southBL Sync="TRUE">42.014142</southBL></GeoBndBox></geoEle></dataExt><dataChar><CharSetCd value="004"/></dataChar><idPurp>Dataset for MAPC's Rethinking the Suburban Strip research report.</idPurp><idAbs>&lt;DIV STYLE="text-align:Left;"&gt;&lt;DIV&gt;&lt;DIV&gt;&lt;P&gt;&lt;SPAN&gt;This dataset accompanies MAPC's Rethinking the Suburban Strip research report (rethinking-the-suburban-strip.mapc.org). It includes all of the variables used to identify low-density commercial properties in the MAPC region; all of the variables used to score these sites in their potential for redevelopment as mixed-use or residential properties along the dimensions of growth potential, transit access, watershed health, and community health; and estimates of property tax potential for a redeveloped site.&lt;/SPAN&gt;&lt;/P&gt;&lt;/DIV&gt;&lt;/DIV&gt;&lt;/DIV&gt;</idAbs></dataIdInfo><mdLang><languageCode value="eng" Sync="TRUE"/><countryCode value="USA" Sync="TRUE"/></mdLang><mdChar><CharSetCd value="004" Sync="TRUE"/></mdChar><distInfo><distFormat><formatName Sync="TRUE">Shapefile</formatName></distFormat><distTranOps><transSize Sync="TRUE">2.061</transSize></distTranOps></distInfo><mdHrLv><ScopeCd value="005" Sync="TRUE"/></mdHrLv><mdHrLvName Sync="TRUE">dataset</mdHrLvName><refSysInfo><RefSystem><refSysID><identCode code="26986" Sync="TRUE"/><idCodeSpace Sync="TRUE">EPSG</idCodeSpace><idVersion Sync="TRUE">2.1(3.0.1)</idVersion></refSysID></RefSystem></refSysInfo><spatRepInfo><VectSpatRep><geometObjs Name="sites"><geoObjTyp><GeoObjTypCd value="002" Sync="TRUE"/></geoObjTyp><geoObjCnt Sync="TRUE">3028</geoObjCnt></geometObjs><topLvl><TopoLevCd value="001" Sync="TRUE"/></topLvl></VectSpatRep></spatRepInfo><spdoinfo><ptvctinf><esriterm Name="sites"><efeatyp Sync="TRUE">Simple</efeatyp><efeageom code="4" Sync="TRUE"/><esritopo Sync="TRUE">FALSE</esritopo><efeacnt Sync="TRUE">3028</efeacnt><spindex Sync="TRUE">TRUE</spindex><linrefer Sync="TRUE">FALSE</linrefer></esriterm></ptvctinf></spdoinfo><eainfo><detailed Name="sites" xmlns=""><enttyp><enttypl Sync="TRUE">sites</enttypl><enttypt Sync="TRUE">Feature Class</enttypt><enttypc Sync="TRUE">3028</enttypc></enttyp><attr xmlns=""><attrlabl Sync="TRUE">FID</attrlabl><attalias Sync="TRUE">FID</attalias><attrtype Sync="TRUE">OID</attrtype><attwidth Sync="TRUE">4</attwidth><atprecis Sync="TRUE">0</atprecis><attscale Sync="TRUE">0</attscale><attrdef Sync="TRUE">Internal feature number.</attrdef><attrdefs Sync="TRUE">Esri</attrdefs><attrdomv><udom Sync="TRUE">Sequential unique whole numbers that are automatically generated.</udom></attrdomv></attr><attr xmlns=""><attrlabl Sync="TRUE">Shape</attrlabl><attalias Sync="TRUE">Shape</attalias><attrtype Sync="TRUE">Geometry</attrtype><attwidth Sync="TRUE">0</attwidth><atprecis Sync="TRUE">0</atprecis><attscale Sync="TRUE">0</attscale><attrdef Sync="TRUE">Feature geometry.</attrdef><attrdefs Sync="TRUE">Esri</attrdefs><attrdomv><udom Sync="TRUE">Coordinates defining the features.</udom></attrdomv></attr><attr xmlns=""><attrlabl Sync="TRUE">site_oid</attrlabl><attalias Sync="FALSE">Site ID</attalias><attrtype Sync="TRUE">Double</attrtype><attwidth Sync="TRUE">19</attwidth><atprecis Sync="TRUE">0</atprecis><attscale Sync="TRUE">0</attscale><attrdef>Unique integer ID for each site in the MAPC region.</attrdef><attrdefs>MAPC</attrdefs></attr><attr xmlns=""><attrlabl Sync="TRUE">muni_id</attrlabl><attalias Sync="FALSE">Municipal ID</attalias><attrtype Sync="TRUE">Double</attrtype><attwidth Sync="TRUE">19</attwidth><atprecis Sync="TRUE">0</atprecis><attscale Sync="TRUE">0</attscale><attrdef>Unique integer ID for each municipality in Massachusetts.</attrdef><attrdefs>MAPC</attrdefs></attr><attr xmlns=""><attrlabl Sync="TRUE">municipal</attrlabl><attalias Sync="FALSE">Municipality</attalias><attrtype Sync="TRUE">String</attrtype><attwidth Sync="TRUE">80</attwidth><atprecis Sync="TRUE">0</atprecis><attscale Sync="TRUE">0</attscale><attrdef>Municipality (city or town) name. Sites assigned to municipality in which centroid falls.</attrdef><attrdefs>MAPC</attrdefs></attr><attr xmlns=""><attrlabl Sync="TRUE">type_id</attrlabl><attalias Sync="FALSE">Community Type ID</attalias><attrtype Sync="TRUE">Double</attrtype><attwidth Sync="TRUE">19</attwidth><atprecis Sync="TRUE">0</atprecis><attscale Sync="TRUE">0</attscale><attrdef>Integer ID of MAPC Community Type for the municipality</attrdef><attrdefs>MAPC</attrdefs></attr><attr xmlns=""><attrlabl Sync="TRUE">subtype_id</attrlabl><attalias Sync="FALSE">Community Subtype ID</attalias><attrtype Sync="TRUE">Double</attrtype><attwidth Sync="TRUE">19</attwidth><atprecis Sync="TRUE">0</atprecis><attscale Sync="TRUE">0</attscale><attrdef>Integer ID of MAPC Community Subtype for the municipality</attrdef><attrdefs>MAPC</attrdefs></attr><attr xmlns=""><attrlabl Sync="TRUE">commtype</attrlabl><attalias Sync="FALSE">Community Type</attalias><attrtype Sync="TRUE">String</attrtype><attwidth Sync="TRUE">80</attwidth><atprecis Sync="TRUE">0</atprecis><attscale Sync="TRUE">0</attscale><attrdef>MAPC Community Type of municipality</attrdef><attrdefs>MAPC</attrdefs></attr><attr xmlns=""><attrlabl Sync="TRUE">county</attrlabl><attalias Sync="FALSE">County</attalias><attrtype Sync="TRUE">String</attrtype><attwidth Sync="TRUE">80</attwidth><atprecis Sync="TRUE">0</atprecis><attscale Sync="TRUE">0</attscale><attrdef>County in which site is located.</attrdef><attrdefs>MAPC</attrdefs></attr><attr xmlns=""><attrlabl Sync="TRUE">subregion</attrlabl><attalias Sync="FALSE">Subregion</attalias><attrtype Sync="TRUE">String</attrtype><attwidth Sync="TRUE">80</attwidth><atprecis Sync="TRUE">0</atprecis><attscale Sync="TRUE">0</attscale><attrdef>Name of principal MAPC subregion in which site is located.</attrdef><attrdefs>MAPC</attrdefs></attr><attr xmlns=""><attrlabl Sync="TRUE">hsubmkt</attrlabl><attalias Sync="FALSE">Housing submarket</attalias><attrtype Sync="TRUE">Double</attrtype><attwidth Sync="TRUE">19</attwidth><atprecis Sync="TRUE">0</atprecis><attscale Sync="TRUE">0</attscale><attrdef>Integer ID of MAPC housing submarket in which site is located.</attrdef><attrdefs>MAPC</attrdefs></attr><attr xmlns=""><attrlabl Sync="TRUE">transittyp</attrlabl><attalias Sync="FALSE">Transit type</attalias><attrtype Sync="TRUE">String</attrtype><attwidth Sync="TRUE">80</attwidth><atprecis Sync="TRUE">0</atprecis><attscale Sync="TRUE">0</attscale><attrdef>If in a transit station area, MAPC classification of transit area type.</attrdef><attrdefs>MAPC</attrdefs></attr><attr xmlns=""><attrlabl Sync="TRUE">nparcels</attrlabl><attalias Sync="FALSE">Number of Parcels on Site</attalias><attrtype Sync="TRUE">Double</attrtype><attwidth Sync="TRUE">19</attwidth><atprecis Sync="TRUE">0</atprecis><attscale Sync="TRUE">0</attscale><attrdef>Number of Parcels included in site</attrdef><attrdefs>MAPC</attrdefs></attr><attr xmlns=""><attrlabl Sync="TRUE">parcelids</attrlabl><attalias Sync="FALSE">Parcel IDs</attalias><attrtype Sync="TRUE">String</attrtype><attwidth Sync="TRUE">98</attwidth><atprecis Sync="TRUE">0</atprecis><attscale Sync="TRUE">0</attscale><attrdef>MAPC-format IDs of parcels on site.</attrdef><attrdefs>MAPC</attrdefs></attr><attr xmlns=""><attrlabl Sync="TRUE">parceladdr</attrlabl><attalias Sync="FALSE">Parcel Address(es)</attalias><attrtype Sync="TRUE">String</attrtype><attwidth Sync="TRUE">126</attwidth><atprecis Sync="TRUE">0</atprecis><attscale Sync="TRUE">0</attscale><attrdef>Short-form string-format list of the parcel addresses on each site</attrdef><attrdefs>MAPC</attrdefs></attr><attr xmlns=""><attrlabl Sync="TRUE">highway</attrlabl><attalias Sync="FALSE">Adjacent State Highway</attalias><attrtype Sync="TRUE">String</attrtype><attwidth Sync="TRUE">80</attwidth><atprecis Sync="TRUE">0</atprecis><attscale Sync="TRUE">0</attscale><attrdef>Primary route number for MA state roadway adjacent to site (if any)</attrdef><attrdefs>MAPC</attrdefs></attr><attr xmlns=""><attrlabl Sync="TRUE">statname</attrlabl><attalias Sync="FALSE">Transit station name</attalias><attrtype Sync="TRUE">String</attrtype><attwidth Sync="TRUE">80</attwidth><atprecis Sync="TRUE">0</atprecis><attscale Sync="TRUE">0</attscale><attrdef>Name of closest transit station, if site within half mile of station.</attrdef><attrdefs>MAPC</attrdefs></attr><attr xmlns=""><attrlabl Sync="TRUE">stattyp</attrlabl><attalias Sync="FALSE">Transit station type</attalias><attrtype Sync="TRUE">String</attrtype><attwidth Sync="TRUE">80</attwidth><atprecis Sync="TRUE">0</atprecis><attscale Sync="TRUE">0</attscale><attrdef>Type of closest transit station, if site within half mile of station.</attrdef><attrdefs>MAPC</attrdefs></attr><attr xmlns=""><attrlabl Sync="TRUE">busstop</attrlabl><attalias Sync="FALSE">Bus route and line</attalias><attrtype Sync="TRUE">String</attrtype><attwidth Sync="TRUE">80</attwidth><atprecis Sync="TRUE">0</atprecis><attscale Sync="TRUE">0</attscale><attrdef>Bus route and line number if site within half mile of bus line.</attrdef><attrdefs>MAPC</attrdefs></attr><attr xmlns=""><attrlabl Sync="TRUE">land_value</attrlabl><attalias Sync="FALSE">Site Assessed Land Value</attalias><attrtype Sync="TRUE">Double</attrtype><attwidth Sync="TRUE">19</attwidth><atprecis Sync="TRUE">0</atprecis><attscale Sync="TRUE">0</attscale><attrdef>Combined assessed land value of all parcels in site</attrdef><attrdefs>MAPC</attrdefs></attr><attr xmlns=""><attrlabl Sync="TRUE">bldg_value</attrlabl><attalias Sync="FALSE">Site Assessed Building Value</attalias><attrtype Sync="TRUE">Double</attrtype><attwidth Sync="TRUE">19</attwidth><atprecis Sync="TRUE">0</atprecis><attscale Sync="TRUE">0</attscale><attrdef>Combined assessed building value of all parcels in site</attrdef><attrdefs>MAPC</attrdefs></attr><attr xmlns=""><attrlabl Sync="TRUE">othr_value</attrlabl><attalias Sync="FALSE">Site Assessed Other Value</attalias><attrtype Sync="TRUE">Double</attrtype><attwidth Sync="TRUE">19</attwidth><atprecis Sync="TRUE">0</atprecis><attscale Sync="TRUE">0</attscale><attrdef>Combined assessed other value on all parcels in site</attrdef><attrdefs>MAPC</attrdefs></attr><attr xmlns=""><attrlabl Sync="TRUE">total_valu</attrlabl><attalias Sync="FALSE">Site Assessed Total Value</attalias><attrtype Sync="TRUE">Double</attrtype><attwidth Sync="TRUE">19</attwidth><atprecis Sync="TRUE">0</atprecis><attscale Sync="TRUE">0</attscale><attrdef>Combined assessed total value of all parcels on site</attrdef><attrdefs>MAPC</attrdefs></attr><attr xmlns=""><attrlabl Sync="TRUE">bldlnd_rat</attrlabl><attalias Sync="FALSE">Building to land value ratio</attalias><attrtype Sync="TRUE">Double</attrtype><attwidth Sync="TRUE">19</attwidth><atprecis Sync="TRUE">0</atprecis><attscale Sync="TRUE">0</attscale><attrdef>Ratio of assessed building value to assessed land value (current conditions)  </attrdef><attrdefs>MAPC</attrdefs></attr><attr xmlns=""><attrlabl Sync="TRUE">yr_built</attrlabl><attalias Sync="FALSE">Year built</attalias><attrtype Sync="TRUE">Double</attrtype><attwidth Sync="TRUE">19</attwidth><atprecis Sync="TRUE">0</atprecis><attscale Sync="TRUE">0</attscale><attrdef>Year built, according to local assessor. If multiple parcels, most recent construction year is shown. </attrdef><attrdefs>MAPC</attrdefs></attr><attr xmlns=""><attrlabl Sync="TRUE">buildar_ac</attrlabl><attalias Sync="FALSE">Buildable area (ac)</attalias><attrtype Sync="TRUE">Double</attrtype><attwidth Sync="TRUE">19</attwidth><atprecis Sync="TRUE">0</atprecis><attscale Sync="TRUE">0</attscale><attrdef>Site buildable area in acres</attrdef><attrdefs>MAPC</attrdefs></attr><attr xmlns=""><attrlabl Sync="TRUE">landv_pac</attrlabl><attalias Sync="FALSE">Site land value per acre</attalias><attrtype Sync="TRUE">Double</attrtype><attwidth Sync="TRUE">19</attwidth><atprecis Sync="TRUE">0</atprecis><attscale Sync="TRUE">0</attscale><attrdef>Assessed land value per acre for entire site</attrdef><attrdefs>MAPC</attrdefs></attr><attr xmlns=""><attrlabl Sync="TRUE">totvalpacr</attrlabl><attalias Sync="TRUE">totvalpacr</attalias><attrtype Sync="TRUE">Double</attrtype><attwidth Sync="TRUE">19</attwidth><atprecis Sync="TRUE">0</atprecis><attscale Sync="TRUE">0</attscale></attr><attr xmlns=""><attrlabl Sync="TRUE">sitearea_a</attrlabl><attalias Sync="FALSE">Site area (acres)</attalias><attrtype Sync="TRUE">Double</attrtype><attwidth Sync="TRUE">19</attwidth><atprecis Sync="TRUE">0</atprecis><attscale Sync="TRUE">0</attscale><attrdef>Site area in acres</attrdef><attrdefs>MAPC</attrdefs></attr><attr xmlns=""><attrlabl Sync="TRUE">imppreac</attrlabl><attalias Sync="FALSE">Impervious Area (current conditions) </attalias><attrtype Sync="TRUE">Double</attrtype><attwidth Sync="TRUE">19</attwidth><atprecis Sync="TRUE">0</atprecis><attscale Sync="TRUE">0</attscale><attrdef>Impervious area on site, based on 2005 aerial photography (acres)</attrdef><attrdefs>MAPC</attrdefs></attr><attr xmlns=""><attrlabl Sync="TRUE">pavear_ac</attrlabl><attalias Sync="FALSE">Paved Area (current conditions) </attalias><attrtype Sync="TRUE">Double</attrtype><attwidth Sync="TRUE">19</attwidth><atprecis Sync="TRUE">0</atprecis><attscale Sync="TRUE">0</attscale><attrdef>Paved area on site, based on 2005 aerial photography (acres)</attrdef><attrdefs>MAPC</attrdefs></attr><attr xmlns=""><attrlabl Sync="TRUE">dstswrft</attrlabl><attalias Sync="FALSE">Distance to sewer line (ft)</attalias><attrtype Sync="TRUE">Double</attrtype><attwidth Sync="TRUE">19</attwidth><atprecis Sync="TRUE">0</atprecis><attscale Sync="TRUE">0</attscale><attrdef>Straight-line distance to nearest known sewer line. </attrdef><attrdefs>MAPC</attrdefs></attr><attr xmlns=""><attrlabl Sync="TRUE">walkscore</attrlabl><attalias Sync="FALSE">Walk Score</attalias><attrtype Sync="TRUE">Double</attrtype><attwidth Sync="TRUE">19</attwidth><atprecis Sync="TRUE">0</atprecis><attscale Sync="TRUE">0</attscale><attrdef>Walk score at site.</attrdef><attrdefs>MAPC</attrdefs></attr><attr xmlns=""><attrlabl Sync="TRUE">pub_ind</attrlabl><attalias Sync="FALSE">Public School Walkability Index</attalias><attrtype Sync="TRUE">Double</attrtype><attwidth Sync="TRUE">19</attwidth><atprecis Sync="TRUE">0</atprecis><attscale Sync="TRUE">0</attscale><attrdef>Index measure of how many public school grades are available withing walking distance. Range 0-7.  </attrdef><attrdefs>MAPC</attrdefs></attr><attr xmlns=""><attrlabl Sync="TRUE">noncarcmtp</attrlabl><attalias Sync="FALSE">Percent non-auto commuters</attalias><attrtype Sync="TRUE">Double</attrtype><attwidth Sync="TRUE">19</attwidth><atprecis Sync="TRUE">0</atprecis><attscale Sync="TRUE">0</attscale><attrdef>Percent of commuters in the surrounding census tract who commute by methods other than automobiles, 2013 - 2017</attrdef><attrdefs>MAPC</attrdefs></attr><attr xmlns=""><attrlabl Sync="TRUE">jobs45tr</attrlabl><attalias Sync="FALSE">Jobs within 45 minute by transit</attalias><attrtype Sync="TRUE">Double</attrtype><attwidth Sync="TRUE">19</attwidth><atprecis Sync="TRUE">0</atprecis><attscale Sync="TRUE">0</attscale><attrdef>Total jobs accessible via transit in 45 minutes or less during morning rush hour, 2018. </attrdef><attrdefs>MAPC</attrdefs></attr><attr xmlns=""><attrlabl Sync="TRUE">jobs30car</attrlabl><attalias Sync="FALSE">Jobs within 30 minutes by personal car</attalias><attrtype Sync="TRUE">Double</attrtype><attwidth Sync="TRUE">19</attwidth><atprecis Sync="TRUE">0</atprecis><attscale Sync="TRUE">0</attscale><attrdef>Total jobs accessible via car in 30 minutes or less during morning rush hour, 2018. </attrdef><attrdefs>MAPC</attrdefs></attr><attr xmlns=""><attrlabl Sync="TRUE">ch21e_p</attrlabl><attalias Sync="FALSE">Overlap with Chapter 21E site (%)</attalias><attrtype Sync="TRUE">Double</attrtype><attwidth Sync="TRUE">19</attwidth><atprecis Sync="TRUE">0</atprecis><attscale Sync="TRUE">0</attscale><attrdef>Percent site's area that overlaps with Chapter 21E oil and hazardous material release site</attrdef><attrdefs>MAPC</attrdefs></attr><attr xmlns=""><attrlabl Sync="TRUE">aulsite_p</attrlabl><attalias Sync="FALSE">Overlap with AUL site (%)</attalias><attrtype Sync="TRUE">Double</attrtype><attwidth Sync="TRUE">19</attwidth><atprecis Sync="TRUE">0</atprecis><attscale Sync="TRUE">0</attscale><attrdef>Percent site's area that overlaps with MassDEP Activity Use Limitation (AUL) site</attrdef><attrdefs>MAPC</attrdefs></attr><attr xmlns=""><attrlabl Sync="TRUE">fz100_p</attrlabl><attalias Sync="FALSE">Overlap with 1% FEMA SFHA (%)</attalias><attrtype Sync="TRUE">Double</attrtype><attwidth Sync="TRUE">19</attwidth><atprecis Sync="TRUE">0</atprecis><attscale Sync="TRUE">0</attscale><attrdef>Percent site's area that overlap with 1% Federal Emergency Management Agency (FEMA) Special Flood Hazard Area (SFHA)</attrdef><attrdefs>MAPC</attrdefs></attr><attr xmlns=""><attrlabl Sync="TRUE">fz500_p</attrlabl><attalias Sync="FALSE">Overlap with 0.2% FEMA flood zones (%)</attalias><attrtype Sync="TRUE">Double</attrtype><attwidth Sync="TRUE">19</attwidth><atprecis Sync="TRUE">0</atprecis><attscale Sync="TRUE">0</attscale><attrdef>Percent site's area that overlaps with 0.2% Federal Emergency Management Agency (FEMA) flood zones</attrdef><attrdefs>MAPC</attrdefs></attr><attr xmlns=""><attrlabl Sync="TRUE">excl_p</attrlabl><attalias Sync="FALSE">Overlap with non-buildable area (%)</attalias><attrtype Sync="TRUE">Double</attrtype><attwidth Sync="TRUE">19</attwidth><atprecis Sync="TRUE">0</atprecis><attscale Sync="TRUE">0</attscale><attrdef>Percent site's area that overlaps  with non-buildable area</attrdef><attrdefs>MAPC</attrdefs></attr><attr xmlns=""><attrlabl Sync="TRUE">z2wpa_p</attrlabl><attalias Sync="FALSE">Overlap with Z2 WPA area (%)</attalias><attrtype Sync="TRUE">Double</attrtype><attwidth Sync="TRUE">19</attwidth><atprecis Sync="TRUE">0</atprecis><attscale Sync="TRUE">0</attscale><attrdef>Percent site's area that overlaps  with Zone 2 Wellhead Protection Area (WPA)</attrdef><attrdefs>MAPC</attrdefs></attr><attr xmlns=""><attrlabl Sync="TRUE">opensp_p</attrlabl><attalias Sync="FALSE">Overlap with permanently protected open space (%)</attalias><attrtype Sync="TRUE">Double</attrtype><attwidth Sync="TRUE">19</attwidth><atprecis Sync="TRUE">0</atprecis><attscale Sync="TRUE">0</attscale><attrdef>Percent overlap with permanently protected open space</attrdef><attrdefs>MAPC</attrdefs></attr><attr xmlns=""><attrlabl Sync="TRUE">wtlnd100_p</attrlabl><attalias Sync="FALSE">Overlap with 100-ft wetland buffer (%)</attalias><attrtype Sync="TRUE">Double</attrtype><attwidth Sync="TRUE">19</attwidth><atprecis Sync="TRUE">0</atprecis><attscale Sync="TRUE">0</attscale><attrdef>Percent overlap with MassDEP wetland or 100-ft buffer</attrdef><attrdefs>MAPC</attrdefs></attr><attr xmlns=""><attrlabl Sync="TRUE">estcapres</attrlabl><attalias Sync="FALSE">Estimated Housing Capacity (all residential)</attalias><attrtype Sync="TRUE">Double</attrtype><attwidth Sync="TRUE">19</attwidth><atprecis Sync="TRUE">0</atprecis><attscale Sync="TRUE">0</attscale><attrdef>Estimated number of housing units that could be built on the site assuming 100% residential</attrdef><attrdefs>MAPC</attrdefs></attr><attr xmlns=""><attrlabl Sync="TRUE">estcapmix</attrlabl><attalias Sync="FALSE">Estimaged Housing Capacity (mixed use)</attalias><attrtype Sync="TRUE">Double</attrtype><attwidth Sync="TRUE">19</attwidth><atprecis Sync="TRUE">0</atprecis><attscale Sync="TRUE">0</attscale><attrdef>Estimated number of housing units that could be built on the site if part of first floor dedicated to commercial space</attrdef><attrdefs>MAPC</attrdefs></attr><attr xmlns=""><attrlabl Sync="TRUE">taxrv_pre</attrlabl><attalias Sync="FALSE">Estimated tax revenue (current conditions)</attalias><attrtype Sync="TRUE">Double</attrtype><attwidth Sync="TRUE">19</attwidth><atprecis Sync="TRUE">0</atprecis><attscale Sync="TRUE">0</attscale><attrdef>Estimated current annual tax revenue from site, based on assessed value and local tax rate</attrdef><attrdefs>MAPC</attrdefs></attr><attr xmlns=""><attrlabl Sync="TRUE">taxrv_post</attrlabl><attalias Sync="FALSE">Estimated post-retrofit tax revenue (all residential)</attalias><attrtype Sync="TRUE">Double</attrtype><attwidth Sync="TRUE">19</attwidth><atprecis Sync="TRUE">0</atprecis><attscale Sync="TRUE">0</attscale><attrdef>Estimated potential annual tax revenue from site, based on estimated units assuming all-residential new development, new construction values, and local tax rate</attrdef><attrdefs>MAPC</attrdefs></attr><attr xmlns=""><attrlabl Sync="TRUE">far_pre</attrlabl><attalias Sync="FALSE">FAR (current) </attalias><attrtype Sync="TRUE">Double</attrtype><attwidth Sync="TRUE">19</attwidth><atprecis Sync="TRUE">0</atprecis><attscale Sync="TRUE">0</attscale><attrdef>Current Floor Area Ratio (FAR), based on local assessor data</attrdef><attrdefs>MAPC</attrdefs></attr><attr xmlns=""><attrlabl Sync="TRUE">hlthcmscr</attrlabl><attalias Sync="FALSE">Healthy Communities Score</attalias><attrtype Sync="TRUE">Double</attrtype><attwidth Sync="TRUE">19</attwidth><atprecis Sync="TRUE">0</atprecis><attscale Sync="TRUE">0</attscale><attrdef>Healthy Communities Score</attrdef><attrdefs>MAPC</attrdefs></attr><attr xmlns=""><attrlabl Sync="TRUE">hlthwtscr</attrlabl><attalias Sync="TRUE">hlthwtscr</attalias><attrtype Sync="TRUE">Double</attrtype><attwidth Sync="TRUE">19</attwidth><atprecis Sync="TRUE">0</atprecis><attscale Sync="TRUE">0</attscale></attr><attr xmlns=""><attrlabl Sync="TRUE">travchscr</attrlabl><attalias Sync="FALSE">Travel Choices Score</attalias><attrtype Sync="TRUE">Double</attrtype><attwidth Sync="TRUE">19</attwidth><atprecis Sync="TRUE">0</atprecis><attscale Sync="TRUE">0</attscale><attrdef>Travel Choices Score</attrdef><attrdefs>MAPC</attrdefs></attr><attr xmlns=""><attrlabl Sync="TRUE">grwtpotscr</attrlabl><attalias Sync="FALSE">Growth Potential Score</attalias><attrtype Sync="TRUE">Double</attrtype><attwidth Sync="TRUE">19</attwidth><atprecis Sync="TRUE">0</atprecis><attscale Sync="TRUE">0</attscale><attrdef>Growth Potential Score</attrdef><attrdefs>MAPC</attrdefs></attr><attr xmlns=""><attrlabl Sync="TRUE">ovscr</attrlabl><attalias Sync="FALSE">Overall Score</attalias><attrtype Sync="TRUE">Double</attrtype><attwidth Sync="TRUE">19</attwidth><atprecis Sync="TRUE">0</atprecis><attscale Sync="TRUE">0</attscale><attrdef>Overall Score</attrdef><attrdefs>MAPC</attrdefs></attr><attr xmlns=""><attrlabl Sync="TRUE">scrcat</attrlabl><attalias Sync="FALSE">Quintile Category</attalias><attrtype Sync="TRUE">Double</attrtype><attwidth Sync="TRUE">19</attwidth><atprecis Sync="TRUE">0</atprecis><attscale Sync="TRUE">0</attscale><attrdef>Integer representing which regional quintile site's overall score falls into</attrdef><attrdefs>MAPC</attrdefs></attr><attr xmlns=""><attrlabl Sync="TRUE">taxrevchg</attrlabl><attalias Sync="FALSE">Estimated New Tax Revenue  ($)</attalias><attrtype Sync="TRUE">Double</attrtype><attwidth Sync="TRUE">19</attwidth><atprecis Sync="TRUE">0</atprecis><attscale Sync="TRUE">0</attscale><attrdef>Difference between estimated pre- and post-retrofit tax revenue, based on change in building value</attrdef><attrdefs>MAPC</attrdefs></attr><attr xmlns=""><attrlabl Sync="TRUE">munirank</attrlabl><attalias Sync="FALSE">Rank within municipality</attalias><attrtype Sync="TRUE">Double</attrtype><attwidth Sync="TRUE">19</attwidth><atprecis Sync="TRUE">0</atprecis><attscale Sync="TRUE">0</attscale><attrdef>Site's rank by overall score relative to other sites in the city or town.</attrdef><attrdefs>MAPC</attrdefs></attr><attr xmlns=""><attrlabl Sync="TRUE">regirank</attrlabl><attalias Sync="FALSE">Rank within region</attalias><attrtype Sync="TRUE">Double</attrtype><attwidth Sync="TRUE">19</attwidth><atprecis Sync="TRUE">0</atprecis><attscale Sync="TRUE">0</attscale><attrdef>Site's rank by overall score relative to other sites in the MAPC region.</attrdef><attrdefs>MAPC</attrdefs></attr><attr xmlns=""><attrlabl Sync="TRUE">munpctile</attrlabl><attalias Sync="FALSE">Municipal Overall Score Percentile</attalias><attrtype Sync="TRUE">Double</attrtype><attwidth Sync="TRUE">19</attwidth><atprecis Sync="TRUE">0</atprecis><attscale Sync="TRUE">0</attscale><attrdef>Site's overall score percentile relative to other sites in the same city or town.</attrdef><attrdefs>MAPC</attrdefs></attr><attr xmlns=""><attrlabl Sync="TRUE">munqntile</attrlabl><attalias Sync="FALSE">Municipal Overall Score Quintile</attalias><attrtype Sync="TRUE">Double</attrtype><attwidth Sync="TRUE">19</attwidth><atprecis Sync="TRUE">0</atprecis><attscale Sync="TRUE">0</attscale><attrdef>Integer representing which municipal quintile the site's overall score falls into</attrdef><attrdefs>MAPC</attrdefs></attr><attr xmlns=""><attrlabl Sync="TRUE">regipctile</attrlabl><attalias Sync="FALSE">Regional Overall Score Percentile</attalias><attrtype Sync="TRUE">Double</attrtype><attwidth Sync="TRUE">19</attwidth><atprecis Sync="TRUE">0</atprecis><attscale Sync="TRUE">0</attscale><attrdef>Site's overall score percentile relative to other sites in the MAPC region.</attrdef><attrdefs>MAPC</attrdefs></attr><attr xmlns=""><attrlabl Sync="TRUE">long</attrlabl><attalias Sync="FALSE">Longitude</attalias><attrtype Sync="TRUE">Double</attrtype><attwidth Sync="TRUE">19</attwidth><atprecis Sync="TRUE">0</atprecis><attscale Sync="TRUE">0</attscale><attrdef>Site centroid longitude coordinate.</attrdef></attr><attr xmlns=""><attrlabl Sync="TRUE">lat</attrlabl><attalias Sync="FALSE">Lattitude</attalias><attrtype Sync="TRUE">Double</attrtype><attwidth Sync="TRUE">19</attwidth><atprecis Sync="TRUE">0</atprecis><attscale Sync="TRUE">0</attscale><attrdef>Site centroid latitude coordinate.</attrdef><attrdefs>MAPC</attrdefs></attr><attr xmlns=""><attrlabl Sync="TRUE">Shape_Leng</attrlabl><attalias Sync="TRUE">Shape_Leng</attalias><attrtype Sync="TRUE">Double</attrtype><attwidth Sync="TRUE">19</attwidth><atprecis Sync="TRUE">0</atprecis><attscale Sync="TRUE">0</attscale></attr><attr xmlns=""><attrlabl Sync="TRUE">Shape_Area</attrlabl><attalias Sync="TRUE">Shape_Area</attalias><attrtype Sync="TRUE">Double</attrtype><attwidth Sync="TRUE">19</attwidth><atprecis Sync="TRUE">0</atprecis><attscale Sync="TRUE">0</attscale><attrdef Sync="TRUE">Area of feature in internal units squared.</attrdef><attrdefs Sync="TRUE">Esri</attrdefs><attrdomv><udom Sync="TRUE">Positive real numbers that are automatically generated.</udom></attrdomv></attr></detailed></eainfo><mdDateSt Sync="TRUE">20220110</mdDateSt></metadata>
